COMPTE UNIF;AFFECTATION;ACTIVE;PASSIVE
10100000;BIL30;BIL30;BIL30
10500000;BIL31;BIL31;BIL31
10610000;BIL32;BIL32;BIL32
10620000;BIL32;BIL32;BIL32
11000000;BIL33;BIL33;BIL33
11900000;BIL33;BIL33;BIL33
12000000;BIL33;BIL33;BIL33
12800000;BIL33;BIL33;BIL33
12900000;BIL33;BIL33;BIL33
13100000;BIL37;BIL37;BIL37
13110000;BIL37;BIL37;BIL37
16100000;BIL36;BIL36;BIL36
16110000;BIL36;BIL36;BIL36
16120000;BIL36;BIL36;BIL36
16130000;BIL36;BIL36;BIL36
16150000;BIL36;BIL36;BIL36
16160000;BIL36;BIL36;BIL36
16200000;BIL36;BIL36;BIL36
16300000;BIL36;BIL36;BIL36
16400000;BIL36;BIL36;BIL36
16400010;BIL36;BIL36;BIL36
16400020;BIL36;BIL36;BIL36
16400030;BIL36;BIL36;BIL36
16400040;BIL36;BIL36;BIL36
16400050;BIL36;BIL36;BIL36
16400060;BIL36;BIL36;BIL36
16400070;BIL36;BIL36;BIL36
16400080;BIL36;BIL36;BIL36
16400090;BIL36;BIL36;BIL36
16400100;BIL36;BIL36;BIL36
16400110;BIL36;BIL36;BIL36
16400120;BIL36;BIL36;BIL36
16400130;BIL36;BIL36;BIL36
16400140;BIL36;BIL36;BIL36
16400150;BIL36;BIL36;BIL36
16410000;BIL36;BIL36;BIL36
16411000;BIL38;BIL38;BIL38
16412000;BIL38;BIL38;BIL38
16413000;BIL36;BIL36;BIL36
16415000;BIL36;BIL36;BIL36
16420000;BIL36;BIL36;BIL36
16430000;BIL36;BIL36;BIL36
16440000;BIL36;BIL36;BIL36
16500000;BIL35;BIL35;BIL35
16600000;BIL36;BIL36;BIL36
16884000;BIL38;BIL38;BIL38
16885000;BIL38;BIL38;BIL38
20300000;BIL02;BIL02;BIL02
20400000;BIL01;BIL01;BIL01
20500000;BIL02;BIL02;BIL02
20800000;BIL02;BIL02;BIL02
21100000;BIL03;BIL03;BIL03
21110000;BIL03;BIL03;BIL03
21200000;BIL03;BIL03;BIL03
21300000;BIL04;BIL04;BIL04
21310000;BIL04;BIL04;BIL04
21350000;BIL07;BIL07;BIL07
21500000;BIL07;BIL07;BIL07
21510000;BIL05;BIL05;BIL05
21520000;BIL07;BIL07;BIL07
21530000;BIL05;BIL05;BIL05
21540000;BIL05;BIL05;BIL05
21550000;BIL05;BIL05;BIL05
21570000;BIL07;BIL07;BIL07
21580000;BIL04;BIL04;BIL04
21590000;BIL07;BIL07;BIL07
21800000;BIL08;BIL08;BIL08
21810000;BIL10;BIL10;BIL10
21811000;BIL05;BIL05;BIL05
21820000;BIL08;BIL08;BIL08
21830000;BIL06;BIL06;BIL06
21831000;BIL06;BIL06;BIL06
21832000;BIL09;BIL09;BIL09
21840000;BIL09;BIL09;BIL09
21850000;BIL05;BIL05;BIL05
21860000;BIL05;BIL05;BIL05
21870000;BIL08;BIL08;BIL08
21880000;BIL08;BIL08;BIL08
23000000;BIL11;BIL11;BIL11
23100000;BIL11;BIL11;BIL11
23110000;BIL11;BIL11;BIL11
23120000;BIL11;BIL11;BIL11
23130000;BIL11;BIL11;BIL11
23131000;BIL11;BIL11;BIL11
23140000;BIL11;BIL11;BIL11
23150000;BIL11;BIL11;BIL11
23160000;BIL11;BIL11;BIL11
23170000;BIL11;BIL11;BIL11
23180000;BIL11;BIL11;BIL11
23190000;BIL11;BIL11;BIL11
23200000;BIL11;BIL11;BIL11
23213001;BIL11;BIL11;BIL11
23213010;BIL11;BIL11;BIL11
23213012;BIL11;BIL11;BIL11
26100000;BIL12;BIL12;BIL12
27400000;BIL12;BIL12;BIL12
27500000;BIL12;BIL12;BIL12
28030000;BIL52;BIL52;BIL52
28040000;BIL51;BIL51;BIL51
28050000;BIL52;BIL52;BIL52
28080000;BIL52;BIL52;BIL52
28120000;BIL47;BIL47;BIL47
28130000;BIL44;BIL44;BIL44
28131000;BIL47;BIL47;BIL47
28150000;BIL47;BIL47;BIL47
28151000;BIL45;BIL45;BIL45
28152000;BIL47;BIL47;BIL47
28153000;BIL45;BIL45;BIL45
28154000;BIL45;BIL45;BIL45
28155000;BIL45;BIL45;BIL45
28156000;BIL50;BIL50;BIL50
28157000;BIL47;BIL47;BIL47
28158000;BIL44;BIL44;BIL44
28159000;BIL44;BIL44;BIL44
28162000;BIL47;BIL47;BIL47
28180000;BIL50;BIL50;BIL50
28181000;BIL50;BIL50;BIL50
28181100;BIL45;BIL45;BIL45
28182000;BIL48;BIL48;BIL48
28183000;BIL46;BIL46;BIL46
28183100;BIL46;BIL46;BIL46
28184000;BIL49;BIL49;BIL49
28184100;BIL50;BIL50;BIL50
28185000;BIL45;BIL45;BIL45
28186000;BIL45;BIL45;BIL45
28187000;BIL50;BIL50;BIL50
28188000;BIL50;BIL50;BIL50
31000000;BIL14;BIL14;BIL14
31100000;BIL14;BIL14;BIL14
32600000;BIL14;BIL14;BIL14
35000000;BIL14;BIL14;BIL14
35100000;BIL14;BIL14;BIL14
35500000;BIL15;BIL15;BIL15
37000000;BIL16;BIL16;BIL16
37100000;BIL16;BIL16;BIL16
38000000;BIL17;BIL17;BIL17
39500000;BIL53;BIL53;BIL53
40100000;#;BIL19;BIL39
40110000;#;BIL19;BIL39
40120000;#;BIL19;BIL39
40231000;#;BIL19;BIL39
40241000;#;BIL19;BIL39
40300000;#;BIL19;BIL39
40310000;#;BIL19;BIL39
40320000;#;BIL19;BIL39
40330000;#;BIL19;BIL39
40340000;#;BIL19;BIL39
40400000;#;BIL19;BIL39
40800000;#;BIL19;BIL39
40810000;#;BIL19;BIL39
40811000;#;BIL19;BIL39
40820000;#;BIL19;BIL39
40900000;BIL19;BIL19;BIL19
40910000;BIL19;BIL19;BIL19
40911000;BIL19;BIL19;BIL19
40920000;BIL19;BIL19;BIL19
40960000;BIL19;BIL19;BIL19
40980000;BIL19;BIL19;BIL19
41100000;#;BIL18;BIL40
41110000;#;BIL18;BIL40
41120000;#;BIL18;BIL40
41300000;#;BIL18;BIL40
41310000;#;BIL18;BIL40
41311000;#;BIL18;BIL40
41321000;#;BIL18;BIL40
41331000;#;BIL18;BIL40
41341000;#;BIL18;BIL40
41351000;#;BIL18;BIL40
41600000;#;BIL18;BIL40
41800000;#;BIL18;BIL40
41810000;#;BIL18;BIL40
41900000;BIL40;BIL40;BIL40
41910000;BIL40;BIL40;BIL40
41980000;BIL40;BIL40;BIL40
42100000;#;BIL20;BIL41
42110000;#;BIL20;BIL41
42120000;#;BIL20;BIL41
42500000;#;BIL20;BIL41
42510000;#;BIL20;BIL41
42520000;#;BIL20;BIL41
42530000;#;BIL20;BIL41
42540000;#;BIL20;BIL41
42700000;#;BIL20;BIL41
42800000;#;BIL20;BIL41
42820000;#;BIL20;BIL41
43100000;BIL41;BIL41;BIL41
43110000;BIL41;BIL41;BIL41
43120000;BIL41;BIL41;BIL41
43200000;BIL41;BIL41;BIL41
43220000;BIL41;BIL41;BIL41
43230000;BIL41;BIL41;BIL41
43300000;BIL41;BIL41;BIL41
43400000;BIL41;BIL41;BIL41
43500000;BIL41;BIL41;BIL41
43800000;BIL41;BIL41;BIL41
43860000;BIL41;BIL41;BIL41
44000000;#;BIL21;BIL42
44100000;#;BIL21;BIL42
44200000;#;BIL21;BIL42
44300000;#;BIL21;BIL42
44310000;#;BIL21;BIL42
44311000;#;BIL21;BIL42
44320000;#;BIL21;BIL42
44330000;#;BIL21;BIL42
44400000;#;BIL21;BIL42
44410000;#;BIL21;BIL42
44411000;#;BIL21;BIL42
44412000;#;BIL21;BIL42
44420000;#;BIL21;BIL42
44430000;#;BIL21;BIL42
44440000;#;BIL21;BIL42
44540000;#;BIL21;BIL42
44550000;#;BIL21;BIL42
44560000;#;BIL21;BIL42
44561000;#;BIL21;BIL42
44561100;#;BIL21;BIL42
44562000;#;BIL21;BIL42
44563000;#;BIL21;BIL42
44564000;#;BIL21;BIL42
44565000;#;BIL21;BIL42
44566000;#;BIL21;BIL42
44567000;#;BIL21;BIL42
44570000;#;BIL21;BIL42
44571000;#;BIL21;BIL42
44572000;#;BIL21;BIL42
44574000;#;BIL21;BIL42
44575000;#;BIL21;BIL42
44576000;#;BIL21;BIL42
44577000;#;BIL21;BIL42
44580000;#;BIL21;BIL42
44581000;#;BIL21;BIL42
44583000;#;BIL21;BIL42
44584000;#;BIL21;BIL42
44587000;#;BIL21;BIL42
44600000;#;BIL21;BIL42
44860000;#;BIL21;BIL42
45120000;#;BIL22;BIL28
45500000;#;BIL22;BIL28
45500001;#;BIL22;BIL28
45500002;#;BIL22;BIL28
45500003;#;BIL22;BIL28
45500004;#;BIL22;BIL28
45500008;#;BIL22;BIL28
45500009;#;BIL22;BIL28
45510000;#;BIL22;BIL28
45511000;#;BIL22;BIL28
45512000;#;BIL22;BIL28
45513000;#;BIL22;BIL28
45514000;#;BIL22;BIL28
45515000;#;BIL22;BIL28
45520000;#;BIL22;BIL28
45530000;#;BIL22;BIL28
45540000;#;BIL22;BIL28
45550000;#;BIL22;BIL28
45580000;#;BIL22;BIL28
46200000;BIL23;BIL23;BIL23
46600000;BIL23;BIL23;BIL23
46600001;#;BIL22;BIL28
46610000;#;BIL22;BIL28
46611000;#;BIL22;BIL28
46612000;#;BIL22;BIL28
46615000;#;BIL22;BIL28
46617000;#;BIL22;BIL28
46620000;#;BIL22;BIL28
46621000;#;BIL22;BIL28
46622000;#;BIL22;BIL28
46623000;#;BIL22;BIL28
46624000;#;BIL22;BIL28
46625000;#;BIL22;BIL28
46626000;#;BIL22;BIL28
46627000;#;BIL22;BIL28
46628000;#;BIL22;BIL28
46629000;#;BIL22;BIL28
46630000;#;BIL22;BIL28
46632000;#;BIL22;BIL28
46634000;#;BIL22;BIL28
46639000;#;BIL22;BIL28
46640000;#;BIL22;BIL28
46642000;#;BIL22;BIL28
46643000;#;BIL22;BIL28
46650000;#;BIL22;BIL28
46660000;#;BIL22;BIL28
46670000;#;BIL22;BIL28
46700000;#;BIL22;BIL28
46700001;#;BIL22;BIL28
46700002;#;BIL22;BIL28
46700004;#;BIL22;BIL28
46700005;#;BIL22;BIL28
46700010;#;BIL22;BIL28
46700012;#;BIL22;BIL28
46700020;#;BIL22;BIL28
46700040;#;BIL22;BIL28
46700050;#;BIL22;BIL28
46700060;#;BIL22;BIL28
46700070;#;BIL22;BIL28
46700080;#;BIL22;BIL28
46700090;#;BIL22;BIL28
46700100;#;BIL22;BIL28
46710000;#;BIL22;BIL28
46710070;#;BIL22;BIL28
46710071;#;BIL22;BIL28
46710102;#;BIL22;BIL28
46710130;#;BIL22;BIL28
46710160;#;BIL22;BIL28
46710170;#;BIL22;BIL28
46711000;#;BIL22;BIL28
46715000;#;BIL22;BIL28
46719000;#;BIL22;BIL28
46720000;#;BIL22;BIL28
46720030;#;BIL22;BIL28
46720050;#;BIL22;BIL28
46720070;#;BIL22;BIL28
46720071;#;BIL22;BIL28
46720072;#;BIL22;BIL28
46720075;#;BIL22;BIL28
46720076;#;BIL22;BIL28
46720078;#;BIL22;BIL28
46720079;#;BIL22;BIL28
46720080;#;BIL22;BIL28
46720081;#;BIL22;BIL28
46720082;#;BIL22;BIL28
46720083;#;BIL22;BIL28
46720084;#;BIL22;BIL28
46720089;#;BIL22;BIL28
46720090;#;BIL22;BIL28
46720105;#;BIL22;BIL28
46720110;#;BIL22;BIL28
46720120;#;BIL22;BIL28
46720130;#;BIL22;BIL28
46720800;#;BIL22;BIL28
46720900;#;BIL22;BIL28
46721000;#;BIL22;BIL28
46724000;#;BIL22;BIL28
46725000;#;BIL22;BIL28
46730000;#;BIL22;BIL28
46735000;#;BIL22;BIL28
46743000;#;BIL22;BIL28
46760000;#;BIL22;BIL28
46800000;#;BIL22;BIL28
46800001;#;BIL22;BIL28
47100000;BIL23;BIL23;BIL23
47200000;BIL23;BIL23;BIL23
48600000;BIL24;BIL24;BIL24
48700000;BIL43;BIL43;BIL43
49100000;BIL54;BIL54;BIL54
49600000;BIL54;BIL54;BIL54
49660000;BIL55;BIL55;BIL55
51110000;#;BIL27;BIL29
51112000;#;BIL27;BIL29
51113000;#;BIL27;BIL29
51119999;#;BIL27;BIL29
51120000;#;BIL27;BIL29
51121000;#;BIL27;BIL29
51122000;#;BIL27;BIL29
51122310;#;BIL27;BIL29
51122410;#;BIL27;BIL29
51122420;#;BIL27;BIL29
51130000;#;BIL27;BIL29
51140000;#;BIL27;BIL29
51154000;#;BIL27;BIL29
51160000;#;BIL27;BIL29
51201000;#;BIL27;BIL29
51202000;#;BIL27;BIL29
51211000;#;BIL27;BIL29
51211010;#;BIL27;BIL29
51211100;#;BIL27;BIL29
51212000;#;BIL27;BIL29
51213000;#;BIL27;BIL29
51221000;#;BIL27;BIL29
51222000;#;BIL27;BIL29
51223000;#;BIL27;BIL29
51231000;#;BIL27;BIL29
51231010;#;BIL27;BIL29
51241000;#;BIL27;BIL29
51241100;#;BIL27;BIL29
51242000;#;BIL27;BIL29
51243000;#;BIL27;BIL29
51244000;#;BIL27;BIL29
51245000;#;BIL27;BIL29
51250000;#;BIL27;BIL29
51251000;#;BIL27;BIL29
51260000;#;BIL27;BIL29
51261000;#;BIL27;BIL29
51264000;#;BIL27;BIL29
51270000;#;BIL27;BIL29
51271000;#;BIL27;BIL29
51280000;#;BIL27;BIL29
51291000;#;BIL27;BIL29
51292000;#;BIL27;BIL29
51800000;#;BIL27;BIL29
51910000;BIL38;BIL38;BIL38
51910016;BIL38;BIL38;BIL38
51920000;BIL38;BIL38;BIL38
51940000;BIL38;BIL38;BIL38
51950000;BIL38;BIL38;BIL38
51960000;BIL38;BIL38;BIL38
51970000;BIL38;BIL38;BIL38
53000000;#;BIL27;BIL29
53100000;#;BIL27;BIL29
53110000;#;BIL27;BIL29
53120000;#;BIL27;BIL29
53150000;#;BIL27;BIL29
53200000;#;BIL27;BIL29
53220000;#;BIL27;BIL29
53300000;#;BIL27;BIL29
53400000;#;BIL27;BIL29
53500000;#;BIL27;BIL29
53600000;#;BIL27;BIL29
53700000;#;BIL27;BIL29
53800000;#;BIL27;BIL29
53900000;#;BIL27;BIL29
54100000;BIL27;BIL27;BIL27
58000000;BIL27;BIL27;BIL27
60100000;CR04;CR04;CR04
60101000;CR04;CR04;CR04
60101200;CR04;CR04;CR04
60102000;CR04;CR04;CR04
60103000;CR04;CR04;CR04
60110000;CR04;CR04;CR04
60114000;CR04;CR04;CR04
60120000;CR04;CR04;CR04
60200000;CR04;CR04;CR04
60201000;CR04;CR04;CR04
60203000;CR04;CR04;CR04
60204000;CR04;CR04;CR04
60205000;CR04;CR04;CR04
60205100;CR04;CR04;CR04
60205200;CR04;CR04;CR04
60205300;CR04;CR04;CR04
60206000;CR04;CR04;CR04
60209000;CR04;CR04;CR04
60210000;CR04;CR04;CR04
60220000;CR04;CR04;CR04
60260000;CR04;CR04;CR04
60301000;CR04;CR04;CR04
60302000;CR04;CR04;CR04
60303000;CR04;CR04;CR04
60305000;CR04;CR04;CR04
60307000;CR04;CR04;CR04
60308000;CR04;CR04;CR04
60310000;CR04;CR04;CR04
60370000;CR04;CR04;CR04
60380000;CR04;CR04;CR04
60400000;CR04;CR04;CR04
60500000;CR04;CR04;CR04
60600000;CR04;CR04;CR04
60601000;CR04;CR04;CR04
60602000;CR04;CR04;CR04
60603000;CR04;CR04;CR04
60603100;CR04;CR04;CR04
60604000;CR04;CR04;CR04
60605000;CR04;CR04;CR04
60606000;CR04;CR04;CR04
60606100;CR04;CR04;CR04
60606200;CR04;CR04;CR04
60607000;CR04;CR04;CR04
60608000;CR04;CR04;CR04
60609000;CR04;CR04;CR04
60609100;CR04;CR04;CR04
60609200;CR04;CR04;CR04
60610000;CR04;CR04;CR04
60611000;CR04;CR04;CR04
60620000;CR04;CR04;CR04
60621000;CR04;CR04;CR04
60630000;CR04;CR04;CR04
60640000;CR04;CR04;CR04
60641000;CR04;CR04;CR04
60650000;CR04;CR04;CR04
60660000;CR04;CR04;CR04
60670000;CR04;CR04;CR04
60680000;CR04;CR04;CR04
60690000;CR04;CR04;CR04
60700000;CR04;CR04;CR04
60701000;CR04;CR04;CR04
60702000;CR04;CR04;CR04
60702100;CR04;CR04;CR04
60710000;CR04;CR04;CR04
60712000;CR04;CR04;CR04
60720000;CR04;CR04;CR04
60800000;CR04;CR04;CR04
60801000;CR04;CR04;CR04
60802000;CR04;CR04;CR04
60803000;CR04;CR04;CR04
60804000;CR04;CR04;CR04
60805000;CR04;CR04;CR04
60806000;CR04;CR04;CR04
60807000;CR04;CR04;CR04
60808000;CR04;CR04;CR04
60809000;CR04;CR04;CR04
60809100;CR04;CR04;CR04
60810000;CR04;CR04;CR04
60811000;CR04;CR04;CR04
60811100;CR04;CR04;CR04
60812000;CR04;CR04;CR04
60813000;CR04;CR04;CR04
60817000;CR04;CR04;CR04
60818000;CR04;CR04;CR04
60820000;CR04;CR04;CR04
60840000;CR04;CR04;CR04
60850000;CR04;CR04;CR04
60880000;CR04;CR04;CR04
60900000;CR04;CR04;CR04
60910000;CR04;CR04;CR04
60920000;CR04;CR04;CR04
60940000;CR04;CR04;CR04
61100000;CR05;CR05;CR05
61110000;CR05;CR05;CR05
61300000;CR05;CR05;CR05
61301000;CR05;CR05;CR05
61302000;CR05;CR05;CR05
61302100;CR05;CR05;CR05
61302200;CR05;CR05;CR05
61302300;CR05;CR05;CR05
61302400;CR05;CR05;CR05
61302500;CR05;CR05;CR05
61302600;CR05;CR05;CR05
61303000;CR05;CR05;CR05
61304000;CR05;CR05;CR05
61400000;CR05;CR05;CR05
61500000;CR05;CR05;CR05
61501000;CR05;CR05;CR05
61501400;CR05;CR05;CR05
61502000;CR05;CR05;CR05
61503000;CR05;CR05;CR05
61504000;CR05;CR05;CR05
61505000;CR05;CR05;CR05
61506000;CR05;CR05;CR05
61513000;CR05;CR05;CR05
61520000;CR05;CR05;CR05
61530000;CR05;CR05;CR05
61540000;CR05;CR05;CR05
61541000;CR05;CR05;CR05
61550000;CR05;CR05;CR05
61560000;CR05;CR05;CR05
61600000;CR05;CR05;CR05
61601000;CR05;CR05;CR05
61602000;CR05;CR05;CR05
61603000;CR05;CR05;CR05
61604000;CR05;CR05;CR05
61610000;CR05;CR05;CR05
61620000;CR05;CR05;CR05
61700000;CR05;CR05;CR05
61800000;CR05;CR05;CR05
61801000;CR05;CR05;CR05
61802000;CR05;CR05;CR05
61810000;CR05;CR05;CR05
61820000;CR05;CR05;CR05
61830000;CR05;CR05;CR05
61900000;CR05;CR05;CR05
62100000;CR05;CR05;CR05
62101000;CR05;CR05;CR05
62102000;CR05;CR05;CR05
62103000;CR05;CR05;CR05
62104000;CR05;CR05;CR05
62105000;CR05;CR05;CR05
62200000;CR05;CR05;CR05
62201000;CR05;CR05;CR05
62202000;CR05;CR05;CR05
62203000;CR05;CR05;CR05
62204000;CR05;CR05;CR05
62206000;CR05;CR05;CR05
62208000;CR05;CR05;CR05
62209000;CR05;CR05;CR05
62210000;CR05;CR05;CR05
62260000;CR05;CR05;CR05
62300000;CR05;CR05;CR05
62301000;CR05;CR05;CR05
62302000;CR05;CR05;CR05
62303000;CR05;CR05;CR05
62304000;CR05;CR05;CR05
62305000;CR05;CR05;CR05
62308000;CR05;CR05;CR05
62334000;CR05;CR05;CR05
62360000;CR05;CR05;CR05
62400000;CR05;CR05;CR05
62401000;CR05;CR05;CR05
62402000;CR05;CR05;CR05
62403000;CR05;CR05;CR05
62404000;CR05;CR05;CR05
62450000;CR05;CR05;CR05
62460000;CR05;CR05;CR05
62470000;CR05;CR05;CR05
62500000;CR05;CR05;CR05
62501000;CR05;CR05;CR05
62502000;CR05;CR05;CR05
62503000;CR05;CR05;CR05
62504000;CR05;CR05;CR05
62505000;CR05;CR05;CR05
62506000;CR05;CR05;CR05
62507000;CR05;CR05;CR05
62508000;CR05;CR05;CR05
62600000;CR05;CR05;CR05
62601000;CR05;CR05;CR05
62602000;CR05;CR05;CR05
62603000;CR05;CR05;CR05
62604000;CR05;CR05;CR05
62605000;CR05;CR05;CR05
62606000;CR05;CR05;CR05
62607000;CR05;CR05;CR05
62608000;CR05;CR05;CR05
62631000;CR05;CR05;CR05
62650000;CR05;CR05;CR05
62700000;CR05;CR05;CR05
62701000;CR05;CR05;CR05
62701100;CR05;CR05;CR05
62702000;CR05;CR05;CR05
62703000;CR05;CR05;CR05
62704000;CR05;CR05;CR05
62705000;CR05;CR05;CR05
62706000;CR05;CR05;CR05
62707000;CR05;CR05;CR05
62708000;CR05;CR05;CR05
62709000;CR05;CR05;CR05
62710000;CR05;CR05;CR05
62711000;CR05;CR05;CR05
62712000;CR05;CR05;CR05
62713000;CR05;CR05;CR05
62714000;CR05;CR05;CR05
62800000;CR05;CR05;CR05
62900000;CR05;CR05;CR05
63320000;CR07;CR07;CR07
63330000;CR07;CR07;CR07
63500000;CR07;CR07;CR07
63501000;CR07;CR07;CR07
63502000;CR07;CR07;CR07
63503000;CR07;CR07;CR07
63504000;CR07;CR07;CR07
63505000;CR07;CR07;CR07
63506000;CR07;CR07;CR07
63507000;CR07;CR07;CR07
63508000;CR07;CR07;CR07
63510000;CR07;CR07;CR07
63514000;CR07;CR07;CR07
63540000;CR07;CR07;CR07
63820000;CR07;CR07;CR07
63840000;CR07;CR07;CR07
63880000;CR07;CR07;CR07
64101000;CR06;CR06;CR06
64101200;CR06;CR06;CR06
64101300;CR06;CR06;CR06
64102000;CR06;CR06;CR06
64103000;CR06;CR06;CR06
64104000;CR06;CR06;CR06
64105000;CR06;CR06;CR06
64106000;CR06;CR06;CR06
64107000;CR06;CR06;CR06
64130000;CR06;CR06;CR06
64160000;CR06;CR06;CR06
64180000;CR06;CR06;CR06
64501000;CR06;CR06;CR06
64502000;CR06;CR06;CR06
64503000;CR06;CR06;CR06
64504000;CR06;CR06;CR06
64505000;CR06;CR06;CR06
64580000;CR06;CR06;CR06
64700000;CR06;CR06;CR06
64800000;CR06;CR06;CR06
64801000;CR06;CR06;CR06
64802000;CR06;CR06;CR06
64803000;CR06;CR06;CR06
64804000;CR06;CR06;CR06
64805000;CR06;CR06;CR06
64807000;CR06;CR06;CR06
64808000;CR06;CR06;CR06
64808100;CR06;CR06;CR06
65100000;CR09;CR09;CR09
65200000;CR09;CR09;CR09
65400000;CR09;CR09;CR09
65410000;CR09;CR09;CR09
65600000;CR09;CR09;CR09
65601000;CR09;CR09;CR09
65602000;CR09;CR09;CR09
65620000;CR09;CR09;CR09
65700000;CR09;CR09;CR09
65710000;CR09;CR09;CR09
65800000;CR09;CR09;CR09
65810000;CR09;CR09;CR09
66100000;CR13;CR13;CR13
66101000;CR13;CR13;CR13
66102000;CR13;CR13;CR13
66103000;CR13;CR13;CR13
66104000;CR13;CR13;CR13
66105000;CR13;CR13;CR13
66181000;CR13;CR13;CR13
66200000;CR13;CR13;CR13
66600000;CR13;CR13;CR13
66880000;CR13;CR13;CR13
67500000;CR16;CR16;CR16
68111000;CR10;CR10;CR10
68112000;CR10;CR10;CR10
68500000;CR10;CR10;CR10
69500000;CR14;CR14;CR14
69510000;CR14;CR14;CR14
69800000;CR14;CR14;CR14
70100000;CR01;CR01;CR01
70101000;CR01;CR01;CR01
70110000;CR01;CR01;CR01
70120000;CR01;CR01;CR01
70200000;CR01;CR01;CR01
70300000;CR01;CR01;CR01
70600000;CR01;CR01;CR01
70610000;CR01;CR01;CR01
70620000;CR01;CR01;CR01
70640000;CR01;CR01;CR01
70700000;CR01;CR01;CR01
70710000;CR01;CR01;CR01
70720000;CR01;CR01;CR01
70730000;CR01;CR01;CR01
70750000;CR01;CR01;CR01
70800000;CR01;CR01;CR01
70810000;CR01;CR01;CR01
70820000;CR01;CR01;CR01
70830000;CR01;CR01;CR01
70840000;CR01;CR01;CR01
70880000;CR01;CR01;CR01
70900000;CR01;CR01;CR01
70910000;CR01;CR01;CR01
71355000;CR02;CR02;CR02
71400000;CR02;CR02;CR02
72000000;CR03;CR03;CR03
72100000;CR03;CR03;CR03
72700000;CR03;CR03;CR03
74100000;CR08;CR08;CR08
75200000;CR08;CR08;CR08
75800000;CR08;CR08;CR08
75810000;CR08;CR08;CR08
75820000;CR08;CR08;CR08
75830000;CR08;CR08;CR08
75840000;CR08;CR08;CR08
75850000;CR08;CR08;CR08
76500000;CR12;CR12;CR12
76600000;CR12;CR12;CR12
76880000;CR12;CR12;CR12
77500000;CR15;CR15;CR15
77520000;CR15;CR15;CR15
78120000;CR11;CR11;CR11
78150000;CR11;CR11;CR11
78500000;CR11;CR11;CR11
467200XX;#;BIL22;BIL28
